{"Afghanistan, Islamic Rep. of": [34.13402601376932, 66.59216131095278], "Albania": [41.14165894891656, 20.061082767269493], "Algeria": [28.350969744889056, 2.655846471976913], "American Samoa": [-14.305711987770538, -170.7007316174498], "Andorra, Principality of": [42.54859834854764, 1.5802243611232871], "Angola": [-12.167424062667942, 17.651768783079], "Anguilla": [18.222874004219086, -63.06008343771806], "Antigua and Barbuda": [17.07146759372967, -61.78530823226373], "Argentina": [-35.697270518120085, -64.53238503843076], "Armenia, Rep. of": [40.17841274230679, 45.05490831965259], "Aruba, Kingdom of the Netherlands": [12.515625722992898, -69.97564014284046], "Australia": [-25.69733767398308, 134.02277170916162], "Austria": [47.631858269895794, 13.797778364631036], "Azerbaijan, Rep. of": [40.3920509942049, 48.63459267064432], "Bahamas, The": [24.72162633646784, -78.07275370060313], "Bahrain, Kingdom of": [26.04798501537066, 50.540695402276775], "Bangladesh": [23.673728665121, 90.43212562608612], "Barbados": [13.183219369337529, -59.557383949150285], "Belarus, Rep. of": [53.46791374543163, 27.964252054715104], "Belgium": [50.6182138854095, 4.675010154696485], "Belize": [17.24252476647155, -88.68273510023441], "Benin": [9.503013199615893, 2.305714528830206], "Bhutan": [27.42163933959824, 90.4671664717386], "Bolivia": [-16.7312488393574, -64.45209597511206], "Bosnia and Herzegovina": [44.14415356126429, 17.83467240787538], "Botswana": [-22.236609002062902, 23.85779956995608], "Brazil": [-11.524630416426652, -54.35520660825642], "British Virgin Islands": [18.42195819619707, -64.62406519257699], "Brunei Darussalam": [4.543205889917609, 114.6430958360464], "Bulgaria": [42.82043677302438, 25.251739122561908], "Burkina Faso": [12.108709036312735, -1.6932816211842323], "Burundi": [-3.261251993278643, 29.88518227845293], "Cabo Verde": [15.076411518651645, -23.63401005900474], "Cambodia": [12.699186865507777, 105.039730786807], "Cameroon": [6.294168487480992, 12.948474142398265], "Canada": [57.55048004465564, -98.41680517868062], "Cayman Islands": [19.311231805620288, -81.25203208977878], "Central African Rep.": [6.331390033944319, 20.520743419397256], "Chad": [15.283493546654505, 18.427113900363025], "Chile": [-37.82938283049967, -70.76863431739216], "China, P.R.: Hong Kong": [38.07325481105728, 104.69113855849604], "China, P.R.: Macao": [38.07325481105728, 104.69113855849604], "China, P.R.: Mainland": [38.07325481105728, 104.69113855849604], "Colombia": [4.187753877352739, -72.6445066243485], "Comoros, Union of the": [-11.658861474508493, 43.34826587429403], "Congo, Dem. Rep. of the": [-0.7294391595233845, 14.879732849491392], "Congo, Rep. of": [-0.7294391595233845, 14.879732849491392], "Cook Islands": [-21.22261325339984, -159.78768870952257], "Costa Rica": [9.863467407406214, -84.14673625701816], "Croatia, Rep. of": [44.91192100856702, 16.625761129583374], "Cuba": [21.476176522869448, -79.69817857618705], "Cyprus": [35.11700416345239, 33.375346009199205], "Czech Rep.": [49.74917370930982, 15.383273292023532], "Denmark": [56.00118817971057, 9.378670542409406], "Djibouti": [11.750235727618804, 42.61349689878951], "Dominica": [15.429269860940511, -61.360471946942994], "Dominican Rep.": [18.77954818522993, -70.43495198520012], "Ecuador": [-1.5642721388853116, -78.4630326109714], "Egypt, Arab Rep. of": [26.60517034450628, 30.240135435012338], "El Salvador": [13.758041517055418, -88.85911489238985], "Equatorial Guinea, Rep. of": [1.595464393659073, 10.425456672353825], "Eritrea, The State of": [15.005533147667684, 39.2672401449901], "Estonia, Rep. of": [58.64810831123104, 25.916870250633806], "Eswatini, Kingdom of": [-26.562540935608705, 31.510685746082007], "Ethiopia, The Federal Dem. Rep. of": [8.729389557048396, 39.91490288654428], "Falkland Islands (Malvinas)": [-51.75901312766726, -58.746646363799854], "Faroe Islands": [62.13089628149535, -6.981106091312284], "Fiji, Rep. of": [-17.822470952336204, 177.98144613732626], "Finland": [65.01578959749911, 25.65738433454702], "France": [46.6423682169416, 2.1940236627886227], "French Polynesia": [-17.674684080120677, -149.40041671099763], "Gabon": [-0.628448459921234, 11.839410898545754], "Gambia, The": [13.428617959189328, -15.383380385869662], "Georgia": [42.17986277737226, 43.37886653411224], "Germany": [51.08304539800482, 10.426171427430804], "Ghana": [7.94530467243628, -1.219233362526581], "Gibraltar": [36.14022671336082, -5.345549484594358], "Greece": [39.42012261727978, 23.11036893616188], "Greenland": [74.16847218965994, -42.07567788066985], "Grenada": [12.112926656338908, -61.67937937204098], "Guadeloupe": [16.24420002705553, -61.54382262282755], "Guatemala": [15.820878515352684, -90.31219349119615], "Guiana, French": [3.857429742497078, -53.32232307156624], "Guinea": [10.255986541378112, -10.986948848040218], "Guinea-Bissau": [11.980075324820504, -14.980186756910848], "Guyana": [4.68211981385056, -58.91352612754667], "Haiti": [18.883520486983567, -72.89291379842], "Honduras": [14.740370695750006, -86.49251679006962], "Hungary": [47.22527332486294, 19.39620048366142], "Iceland": [65.12360920205514, -19.05682967106099], "India": [23.58630056774672, 81.17300408530181], "Indonesia": [0.1559197995903765, 113.96538246847302], "Iran, Islamic Rep. of": [32.906023742890056, 54.23707700106544], "Iraq": [33.105075667527906, 43.83252918105688], "Ireland": [53.30489539816495, -8.241128545554096], "Isle of Man": [54.22855301008011, -4.532995055468449], "Israel": [31.513542220043195, 35.027923472437024], "Italy": [42.98201127614267, 12.763657166123137], "Jamaica": [18.12207889341651, -77.30358894542778], "Japan": [36.76738832597829, 137.46934234351835], "Jordan": [31.38706488444916, 36.95728884547246], "Kazakhstan, Rep. of": [47.64146519517684, 66.3759193479301], "Kenya": [0.6899182318376179, 37.95309411262371], "Kiribati": [1.8676673749241064, -157.39024189323504], "Korea, Dem. People's Rep. of": [40.19198091470839, 127.3379805653744], "Korea, Rep. of": [36.402386712544114, 127.76224551357647], "Kuwait": [29.28136096544309, 47.56311109320184], "Kyrgyz Rep.": [41.35698905438358, 74.17532903468319], "Lao People's Dem. Rep.": [18.11728273687328, 103.76375899026448], "Latvia": [56.81385304755416, 24.693671325654403], "Lebanon": [33.91160170722086, 35.89651946324749], "Lesotho, Kingdom of": [-29.60168116924817, 28.24475317864227], "Liberia": [6.52012979398834, -9.258988935497618], "Libya": [27.202915771690797, 17.91133392454237], "Liechtenstein": [47.14627562133036, 9.547674672376376], "Lithuania": [55.29437393417175, 23.94602160501353], "Luxembourg": [49.77523454542369, 6.103230338458876], "Madagascar, Rep. of": [-19.04163612493041, 46.68493466832544], "Malawi": [-13.128986464184024, 34.23441182298881], "Malaysia": [3.6716608556387857, 114.63330303992868], "Maldives": [-0.6065577168009924, 73.10076245140479], "Mali": [17.168146208584837, -4.346399841781153], "Malta": [35.890522650899314, 14.441922442508494], "Marshall Islands, Rep. of the": [7.307929900994344, 168.72016025351076], "Martinique": [14.642697353597644, -61.01432380875083], "Mauritania, Islamic Rep. of": [20.466731212820022, -10.495079045035716], "Mauritius": [-20.28142317475198, 57.56415671066546], "Mayotte": [-12.824468416301052, 45.12814232703106], "Mexico": [23.87436068093592, -101.55399731630118], "Micronesia, Federated States of": [6.878944812925544, 158.2291899444527], "Moldova, Rep. of": [47.0725674580696, 28.391111865941348], "Monaco": [43.74798224995656, 7.412820873271196], "Mongolia": [47.08644454604851, 103.3987360327455], "Montenegro": [42.73694835210454, 19.29505087156758], "Montserrat": [16.735363391460357, -62.18693281256255], "Morocco": [28.687598134979325, -8.817212587250811], "Mozambique, Rep. of": [-17.525230309488748, 35.208577031290176], "Myanmar": [19.901227931399877, 97.08892285397344], "Namibia": [-21.90858163281473, 18.16451345845268], "Nauru, Rep. of": [-0.5221021440668993, 166.92937633139178],